blok-kontejner-iz-sendvich-panelej-avtonomnyj-santehnicheskij-bks-06	0	0	1	0X1,2x1,2x3,	1102200
blok-kontejner-iz-sendvich-panelej-bk-01	0	0	1	0X1,2x1,2x3,	385900
blok-kontejner-iz-sendvich-panelej-bk-02	0	0	1	0X1,2x1,2x3,	419200
blok-kontejner-iz-sendvich-panelej-bk-03	0	0	1	0X1,2x1,2x3,	419200
blok-kontejner-iz-sendvich-panelej-bk-05	0	0	1	0X1,2x1,2x3,	482500
blok-kontejner-iz-sendvich-panelej-bk-06	0	0	1	0X1,2x1,2x3,	482500
blok-kontejner-iz-sendvich-panelej-santehnicheskij-bks-01	0	0	1	0X1,2x1,2x3,	592100
blok-kontejner-iz-sendvich-panelej-santehnicheskij-bks-02	0	0	1	0X1,2x1,2x3,	640900
blok-kontejner-iz-sendvich-panelej-santehnicheskij-bks-03	0	0	1	0X1,2x1,2x3,	612900
blok-kontejner-iz-sendvich-panelej-santehnicheskij-bks-04	0	0	1	0X1,2x1,2x3,	614500
blok-kontejner-iz-sendvich-panelej-santehnicheskij-tualet-bks-07	0	0	1	0X1,2x1,2x3,	441300
blok-kontejner-metallicheskij-bk-01	0	0	1	0X1,2x1,2x3,	130880
blok-kontejner-metallicheskij-bk-02	0	0	1	0X1,2x1,2x3,	141800
blok-kontejner-metallicheskij-bk-03	0	0	1	0X1,2x1,2x3,	141800
blok-kontejner-metallicheskij-bk-04	0	0	1	0X1,2x1,2x3,	144800
blok-kontejner-metallicheskij-bk-05	0	0	1	0X1,2x1,2x3,	155800
blok-kontejner-metallicheskij-bk-06	0	0	1	0X1,2x1,2x3,	155800
blok-kontejner-metallicheskij-bk-07	0	0	1	0X1,2x1,2x3,	144800
blok-kontejner-metallicheskij-bk-08	0	0	1	0X1,2x1,2x3,	155800
blok-kontejner-metallicheskij-bk-09	0	0	1	0X1,2x1,2x3,	155800
blok-kontejner-na-sanyah-bksn-02	0	0	1	0X1,2x1,2x3,	712800
blok-kontejner-na-shassi-bksn-01	0	0	1	0X1,2x1,2x3,	915300
blok-kontejner-santehnicheskij-avtonomnyj-bks-05	0	0	1	0X1,2x1,2x3,	552500
blok-kontejner-santehnicheskij-avtonomnyj-bks-06	0	0	1	0X1,2x1,2x3,	778600
blok-kontejner-santehnicheskij-bks-01	0	0	1	0X1,2x1,2x3,	404900
blok-kontejner-santehnicheskij-bks-02	0	0	1	0X1,2x1,2x3,	467300
blok-kontejner-santehnicheskij-bks-03	0	0	1	0X1,2x1,2x3,	431000
blok-kontejner-santehnicheskij-bks-04	0	0	1	0X1,2x1,2x3,	427300
blok-kontejner-santehnicheskij-tualet-bks-07	0	0	1	0X1,2x1,2x3,	245200
bytovka-iz-sendvich-panelej-avtonomnaya-santehnicheskaya-bs-06	0	0	1	0X1,2x1,2x3,	1102200
bytovka-iz-sendvich-panelej-b-01	0	0	1	0X1,2x1,2x3,	385900
bytovka-iz-sendvich-panelej-b-02	0	0	1	0X1,2x1,2x3,	419200
bytovka-iz-sendvich-panelej-b-03	0	0	1	0X1,2x1,2x3,	419200
bytovka-iz-sendvich-panelej-b-05	0	0	1	0X1,2x1,2x3,	482500
bytovka-iz-sendvich-panelej-b-06	0	0	1	0X1,2x1,2x3,	482500
bytovka-iz-sendvich-panelej-santehnicheskaya-bs-01	0	0	1	0X1,2x1,2x3,	592100
bytovka-iz-sendvich-panelej-santehnicheskaya-bs-02	0	0	1	0X1,2x1,2x3,	640900
bytovka-iz-sendvich-panelej-santehnicheskaya-bs-03	0	0	1	0X1,2x1,2x3,	612900
bytovka-iz-sendvich-panelej-santehnicheskaya-bs-04	0	0	1	0X1,2x1,2x3,	614500
bytovka-iz-sendvich-panelej-santehnicheskaya-tualet-bs-07	0	0	1	0X1,2x1,2x3,	441300
bytovka-na-sanyah-bsn-02	0	0	1	0X1,2x1,2x3,	712800
bytovka-na-shassi-bsn-01	0	0	1	0X1,2x1,2x3,	915300
bytovka-santehnicheskaya-avtonomnaya-bs-05	0	0	1	0X1,2x1,2x3,	552500
bytovka-santehnicheskaya-avtonomnaya-bs-06	0	0	1	0X1,2x1,2x3,	778600
bytovka-santehnicheskaya-bs-01	0	0	1	0X1,2x1,2x3,	404900
bytovka-santehnicheskaya-bs-02	0	0	1	0X1,2x1,2x3,	467300
bytovka-santehnicheskaya-bs-03	0	0	1	0X1,2x1,2x3,	431000
bytovka-santehnicheskaya-bs-04	0	0	1	0X1,2x1,2x3,	427300
bytovka-santehnicheskaya-tualet-bs-07	0	0	1	0X1,2x1,2x3,	245200
bytovka-stroitelnaya-metallicheskaya-b-01	0	0	1	0X1,2x1,2x3,	130880
bytovka-stroitelnaya-metallicheskaya-b-02	0	0	1	0X1,2x1,2x3,	141800
bytovka-stroitelnaya-metallicheskaya-b-03	0	0	1	0X1,2x1,2x3,	141800
bytovka-stroitelnaya-metallicheskaya-b-04	0	0	1	0X1,2x1,2x3,	144800
bytovka-stroitelnaya-metallicheskaya-b-05	0	0	1	0X1,2x1,2x3,	155800
bytovka-stroitelnaya-metallicheskaya-b-06	0	0	1	0X1,2x1,2x3,	155800
bytovka-stroitelnaya-metallicheskaya-b-07	0	0	1	0X1,2x1,2x3,	144800
bytovka-stroitelnaya-metallicheskaya-b-08	0	0	1	0X1,2x1,2x3,	155800
bytovka-stroitelnaya-metallicheskaya-b-09	0	0	1	0X1,2x1,2x3,	155800
modulnoe-zdanie-iz-sendvich-panelej-mz-01	0	0	1	0X1,2x1,2x3,	884900
modulnoe-zdanie-iz-sendvich-panelej-mz-02	0	0	1	0X1,2x1,2x3,	920900
modulnoe-zdanie-iz-sendvich-panelej-mz-03	0	0	1	0X1,2x1,2x3,	1322800
modulnoe-zdanie-iz-sendvich-panelej-mz-04	0	0	1	0X1,2x1,2x3,	1796600
modulnoe-zdanie-iz-sendvich-panelej-mz-05	0	0	1	0X1,2x1,2x3,	2246300
modulnoe-zdanie-iz-sendvich-panelej-mz-06	0	0	1	0X1,2x1,2x3,	1962700
modulnoe-zdanie-iz-sendvich-panelej-mz-11	0	0	1	0X1,2x1,2x3,	9439100
modulnoe-zdanie-iz-sendvich-panelej-mz-12	0	0	1	0X1,2x1,2x3,	1018900
modulnoe-zdanie-iz-sendvich-panelej-obshhezhitie-mz-07	0	0	1	0X1,2x1,2x3,	9567500
modulnoe-zdanie-iz-sendvich-panelej-obshhezhitie-mz-08	0	0	1	0X1,2x1,2x3,	5938400
modulnoe-zdanie-iz-sendvich-panelej-stolovaya-mz-09	0	0	1	0X1,2x1,2x3,	2334500
modulnoe-zdanie-iz-sendvich-panelej-stolovaya-mz-10	0	0	1	0X1,2x1,2x3,	2672400
modulnoe-zdanie-mz-01	0	0	1	0X1,2x1,2x3,	319800
modulnoe-zdanie-mz-02	0	0	1	0X1,2x1,2x3,	326900
modulnoe-zdanie-mz-03	0	0	1	0X1,2x1,2x3,	479700
modulnoe-zdanie-mz-04	0	0	1	0X1,2x1,2x3,	646600
modulnoe-zdanie-mz-05	0	0	1	0X1,2x1,2x3,	811400
modulnoe-zdanie-mz-06	0	0	1	0X1,2x1,2x3,	918800
modulnoe-zdanie-mz-11	0	0	1	0X1,2x1,2x3,	4876000
modulnoe-zdanie-mz-12	0	0	1	0X1,2x1,2x3,	479600
modulnoe-zdanie-obshhezhitie-mz-07	0	0	1	0X1,2x1,2x3,	4554700
modulnoe-zdanie-obshhezhitie-mz-08	0	0	1	0X1,2x1,2x3,	2939600
modulnoe-zdanie-obshhezhitie-mz-13	0	0	1	0X1,2x1,2x3,	21308200
modulnoe-zdanie-stolovaya-mz-09	0	0	1	0X1,2x1,2x3,	1074700
modulnoe-zdanie-stolovaya-mz-10	0	0	1	0X1,2x1,2x3,	1018400
post-ohrany-kpp-bkpo-01	0	0	1	0X1,2x1,2x3,	152300
post-ohrany-kpp-bkpo-02	0	0	1	0X1,2x1,2x3,	79900
post-ohrany-kpp-bkpo-03	0	0	1	0X1,2x1,2x3,	164800
post-ohrany-kpp-bkpo-04	0	0	1	0X1,2x1,2x3,	167800
post-ohrany-kpp-bkpo-05	0	0	1	0X1,2x1,2x3,	305200
post-ohrany-kpp-iz-sendvich-panelej-bkpo-01	0	0	1	0X1,2x1,2x3,	457900
post-ohrany-kpp-iz-sendvich-panelej-bkpo-02	0	0	1	0X1,2x1,2x3,	252800
post-ohrany-kpp-iz-sendvich-panelej-bkpo-03	0	0	1	0X1,2x1,2x3,	493700
post-ohrany-kpp-iz-sendvich-panelej-bkpo-04	0	0	1	0X1,2x1,2x3,	484900
post-ohrany-kpp-iz-sendvich-panelej-bkpo-05	0	0	1	0X1,2x1,2x3,	794100
